<?xml version="1.0" encoding="UTF-8"?>
<!DOCTYPE suite SYSTEM "http://testng.org/testng-1.0.dtd">

<suite name="All Test Suite" preserve-order="true">
    <test name="Simple scenario with failed result">
        <classes>
            <class name="SimpleFailedTestScenario"></class>
        </classes>
    </test>
    <test verbose="2" preserve-order="true" name="Cloud Platform Pricing Calculator">
        <classes>
            <class name="PricingCalculatorTest"></class>
        </classes>
    </test>

</suite>